KeyPressed,KeyPressedt,Label
1,5.168939399998635,vertiM
2,9.075147700030357,horiM
4,22.09714329999406,flickerSl
1,26.004325499990955,vertiM
2,29.47712280007545,horiM
4,45.106104200007394,flickerSl
1,49.882964199990965,vertiM
2,62.90525950002484,horiM
4,68.98279770009685,flickerSl
1,72.89133560005575,vertiM
2,78.09922050009482,horiM
4,91.12354609998874,flickerSl
